Fold	Prediction	Truth	Proj&Col
1	0.06	1	816447
1	0.05	0	909770
1	0.0	0	613216
1	0.0	0	278149
1	0.0	0	496495
1	0.01	0	776847
1	0.0	0	682210
1	0.0	0	904392
1	0.07	0	230625
1	0.01	0	209081
1	0.03	0	422136
1	0.08	0	422464
1	0.01	0	698949
1	0.0	0	971977
1	0.01	0	758835
1	0.01	0	844275
1	0.01	0	374730
1	0.0	0	386882
1	0.0	0	294118
1	0.01	0	803375
1	0.0	0	490137
1	0.02	0	647400
1	0.12	0	607447
1	0.0	0	868378
1	0.24	0	231664
1	0.01	0	708339
1	0.04	0	685808
1	0.07	0	545500
1	0.27	0	701412
1	0.28	0	738165
1	0.0	0	715200
1	0.0	0	483239
1	0.08	0	448774
1	0.01	0	647892
1	0.04	0	610631
1	0.0	0	818029
1	0.03	0	205232
1	0.0	0	725019
1	0.0	0	358077
1	0.01	0	952891
1	0.01	0	798032
1	0.05	0	377595
1	0.32	0	403822
1	0.02	0	534119
1	0.0	0	748962
1	0.05	0	902285
1	0.0	0	667032
1	0.0	0	725950
1	0.01	0	887066
1	0.0	0	741497
1	0.1	0	725437
1	0.0	0	320734
1	0.06	0	509364
1	0.01	0	850439
1	0.03	0	208728
1	0.01	0	413956
1	0.0	0	605470
1	0.04	0	761785
1	0.05	0	631261
1	0.03	0	449060
1	0.0	0	707039
1	0.07	0	754394
1	0.01	1	508890
1	0.01	0	430418
1	0.02	0	320107
1	0.02	0	688156
1	0.01	0	864758
1	0.04	0	785486
1	0.0	0	858990
1	0.0	0	628655
1	0.0	0	516890
1	0.05	0	212279
1	0.05	0	261015
1	0.12	0	79553
1	0.04	0	661341
1	0.03	1	687239
1	0.0	0	491641
1	0.01	0	524857
1	0.0	0	638951
1	0.0	0	704364
1	0.0	0	706021
1	0.03	0	204361
1	0.0	0	704002
1	0.05	0	324265
1	0.05	0	878516
1	0.0	0	725706
1	0.0	0	510388
1	0.0	0	448415
1	0.06	0	954340
1	0.0	0	642643
1	0.03	0	719364
1	0.0	0	863308
1	0.05	0	607523
1	0.0	0	611705
1	0.0	0	679028
1	0.0	0	686284
1	0.0	0	658150
1	0.02	0	760502
1	0.01	0	830455
1	0.0	0	909230
1	0.0	0	578927
1	0.01	0	381054
1	0.01	0	323923
1	0.08	0	773125
1	0.0	0	854948
1	0.23	1	846760
1	0.09	0	929955
1	0.06	0	432071
1	0.0	0	902380
1	0.0	0	810353
1	0.06	0	157037
1	0.0	0	625089
1	0.18	0	722180
1	0.0	0	421898
1	0.02	0	394225
1	0.01	0	675115
1	0.0	0	731665
1	0.08	0	667045
1	0.0	0	914301
1	0.08	0	557800
1	0.02	0	380620
1	0.0	0	675892
1	0.11	0	751878
1	0.08	0	647601
1	0.0	0	762864
1	0.07	0	588283
1	0.05	0	986479
1	0.01	0	564492
1	0.01	0	556616
1	0.19	0	295033
1	0.07	1	816272
1	0.01	0	791906
1	0.01	0	345197
1	0.01	0	267603
1	0.06	0	926565
1	0.01	0	658541
1	0.09	0	742263
1	0.02	0	997332
1	0.01	0	549254
1	0.0	0	948350
1	0.0	0	647356
1	0.0	0	761085
1	0.0	0	498320
1	0.0	0	605139
1	0.1	0	263383
1	0.08	0	516835
1	0.02	0	722510
1	0.01	0	751385
1	0.26	0	79473
1	0.0	0	494146
1	0.0	0	750106
1	0.03	0	793025
1	0.0	0	747250
1	0.0	0	273294
1	0.0	0	750812
1	0.0	0	783911
1	0.02	0	778984
1	0.0	0	321048
1	0.02	0	658007
1	0.06	1	414430
1	0.0	0	495597
1	0.0	0	532417
1	0.0	0	838374
1	0.01	0	660628
1	0.0	0	432559
1	0.05	0	671739
1	0.01	0	667740
1	0.0	0	254974
1	0.0	0	609332
1	0.05	0	345199
1	0.0	0	646199
1	0.13	0	288649
1	0.01	0	418761
1	0.01	0	867410
1	0.03	0	544069
1	0.0	0	906527
1	0.09	0	870091
1	0.0	0	475732
1	0.1	0	183943
1	0.0	0	694942
1	0.0	0	858017
1	0.18	0	498994
1	0.01	0	531718
1	0.0	0	625337
1	0.05	1	642742
1	0.0	0	610834
1	0.03	0	427547
1	0.0	0	478226
1	0.05	0	737991
1	0.04	0	285798
1	0.14	0	836320
1	0.01	0	828147
1	0.02	0	341466
1	0.0	0	481738
1	0.02	0	641917
1	0.03	0	909815
1	0.0	0	631753
1	0.0	0	544695
1	0.02	0	948386
1	0.01	0	173241
1	0.0	0	1005202
1	0.01	0	240896
1	0.02	0	598835
1	0.03	0	610080
1	0.0	0	186683
1	0.0	0	986903
1	0.01	0	420030
1	0.01	0	309858
1	0.02	0	244412
1	0.0	0	841989
1	0.0	0	484969
1	0.01	0	401800
1	0.02	0	401801
1	0.01	0	347838
1	0.08	0	896321
1	0.0	0	926489
1	0.0	0	560964
1	0.0	0	635294
1	0.01	0	326313
1	0.0	0	685420
1	0.0	0	297064
1	0.0	0	222881
1	0.02	0	628088
1	0.03	0	408246
1	0.0	0	474387
1	0.17	0	477765
1	0.0	0	593206
1	0.12	0	827783
1	0.08	0	625516
1	0.0	0	509778
1	0.0	0	930477
1	0.0	0	1002307
1	0.0	0	851054
1	0.01	0	801685
1	0.0	0	883765
1	0.02	0	489369
1	0.0	0	559519
1	0.02	0	339176
1	0.03	0	664962
1	0.04	0	627349
1	0.1	0	821503
1	0.12	0	471825
1	0.21	0	319506
1	0.0	0	647379
1	0.0	0	415182
1	0.0	0	481581
1	0.03	0	625983
1	0.0	0	646081
1	0.09	0	393897
1	0.0	0	634109
1	0.0	0	547615
1	0.01	0	1005612
1	0.01	0	206428
1	0.0	0	266045
1	0.07	0	817254
1	0.0	0	529591
1	0.04	0	809337
1	0.05	0	431611
1	0.01	0	280230
1	0.09	0	278856
1	0.01	0	962088
1	0.04	0	358331
1	0.11	0	697955
1	0.17	0	675222
1	0.0	0	769428
1	0.0	0	295437
1	0.0	0	851087
1	0.0	0	511876
1	0.01	0	706698
1	0.04	0	529684
1	0.0	0	554881
1	0.0	0	799326
1	0.0	0	521831
1	0.0	0	439332
1	0.0	0	529973
1	0.0	0	257358
1	0.06	0	716264
1	0.0	0	753798
1	0.0	0	477332
1	0.1	0	415951
1	0.01	0	414457
1	0.0	0	490880
1	0.0	0	919057
1	0.13	0	393075
1	0.02	0	707022
1	0.01	0	807725
1	0.01	0	840895
1	0.23	0	672701
1	0.07	0	949174
1	0.0	0	736404
1	0.03	0	926947
1	0.0	0	761682
1	0.0	0	765324
1	0.0	0	660458
1	0.0	0	754780
1	0.01	0	531933
1	0.04	0	719133
1	0.0	0	644373
1	0.0	0	291509
1	0.0	0	939208
1	0.0	0	814876
1	0.03	1	383372
1	0.0	0	490386
1	0.05	0	514717
1	0.14	0	870897
1	0.01	0	494963
1	0.0	0	758030
1	0.01	0	942910
1	0.03	0	430255
1	0.0	0	966236
1	0.0	0	238349
1	0.0	0	679819
1	0.0	0	762058
1	0.0	0	559869
1	0.0	0	517459
1	0.0	0	706673
1	0.0	0	699857
1	0.05	0	297366
1	0.01	0	841366
1	0.0	0	898426
1	0.02	0	526399
1	0.0	0	672095
1	0.06	0	396037
1	0.0	0	562903
1	0.01	0	773749
1	0.01	0	746131
1	0.04	0	773418
1	0.02	0	607963
1	0.02	0	830341
1	0.01	0	767056
1	0.0	0	856285
1	0.04	0	818165
1	0.0	0	888377
1	0.11	0	482639
1	0.03	0	900553
1	0.1	0	533229
1	0.0	0	213025
1	0.0	0	906976
1	0.0	0	816185
1	0.0	0	565678
1	0.03	0	672215
1	0.01	0	862388
1	0.0	0	356428
1	0.0	0	719783
1	0.04	0	609160
1	0.05	0	873951
1	0.0	0	396733
1	0.02	0	520852
1	0.0	0	284330
1	0.01	0	171944
1	0.0	0	774974
1	0.05	0	517433
1	0.02	0	644334
1	0.05	0	420975
1	0.03	0	721935
1	0.01	0	674600
1	0.0	0	880424
1	0.0	0	910541
1	0.0	0	416128
1	0.02	0	743237
1	0.0	0	760461
1	0.0	0	752168
1	0.01	0	336381
1	0.1	0	742409
1	0.0	0	795623
1	0.0	0	897934
1	0.0	0	967671
1	0.01	0	913180
1	0.01	0	752771
1	0.03	0	774643
1	0.13	0	699012
1	0.09	0	314053
1	0.0	0	634557
1	0.0	0	773942
1	0.0	0	573937
1	0.0	0	624858
1	0.08	1	798602
1	0.02	0	796350
1	0.09	0	318738
1	0.05	0	833479
1	0.09	0	976739
1	0.0	0	556031
1	0.08	0	736056
1	0.0	0	383338
1	0.0	0	940796
1	0.01	0	430106
1	0.09	0	400356
1	0.01	0	688934
1	0.07	0	957897
1	0.03	0	814541
1	0.0	0	566015
1	0.0	0	886051
1	0.04	0	497098
1	0.0	0	887473
1	0.0	0	844612
1	0.02	0	648120
1	0.01	0	756298
1	0.01	0	941844
1	0.05	0	352875
2	0.07	0	741488
2	0.04	1	746540
2	0.07	0	488556
2	0.0	0	765711
2	0.01	0	948003
2	0.0	0	908757
2	0.13	0	627597
2	0.0	0	631615
2	0.02	0	993594
2	0.06	0	133813
2	0.0	0	661047
2	0.03	0	327287
2	0.0	0	851072
2	0.0	0	521712
2	0.01	0	487361
2	0.02	0	870580
2	0.0	0	555212
2	0.02	0	656295
2	0.06	0	248301
2	0.06	0	278891
2	0.0	0	932819
2	0.01	0	742064
2	0.01	0	326333
2	0.06	0	613703
2	0.04	0	338656
2	0.12	0	203916
2	0.16	0	769450
2	0.03	0	681864
2	0.0	0	397388
2	0.02	0	693344
2	0.02	0	302010
2	0.06	0	790992
2	0.11	0	236453
2	0.12	0	990557
2	0.0	0	721176
2	0.09	0	481993
2	0.0	0	957898
2	0.33	0	845531
2	0.0	0	541225
2	0.02	0	647205
2	0.06	0	745560
2	0.07	0	687244
2	0.02	0	505535
2	0.08	0	388648
2	0.0	0	870922
2	0.03	0	771536
2	0.16	0	479528
2	0.01	0	970742
2	0.01	0	661769
2	0.0	0	529661
2	0.0	0	772724
2	0.15	0	510707
2	0.01	0	898388
2	0.0	0	408232
2	0.12	1	648415
2	0.03	0	257773
2	0.11	0	386911
2	0.04	0	967299
2	0.0	0	719160
2	0.09	0	730111
2	0.02	0	523786
2	0.03	0	889770
2	0.04	0	728452
2	0.11	0	261663
2	0.01	0	674890
2	0.0	0	805556
2	0.02	0	623559
2	0.02	0	394226
2	0.1	0	930742
2	0.01	0	799944
2	0.01	0	662380
2	0.08	0	436235
2	0.0	0	291411
2	0.02	0	590696
2	0.01	0	486586
2	0.0	0	826747
2	0.01	0	625387
2	0.02	0	776896
2	0.06	0	217992
2	0.17	0	516645
2	0.01	0	631804
2	0.08	0	400576
2	0.0	0	505341
2	0.0	0	679818
2	0.0	0	649268
2	0.03	0	925239
2	0.06	0	737508
2	0.02	0	727547
2	0.03	0	488666
2	0.01	0	640099
2	0.05	0	849660
2	0.0	0	900563
2	0.01	0	601314
2	0.0	0	867728
2	0.0	0	640173
2	0.02	0	673165
2	0.01	0	755321
2	0.0	0	957314
2	0.2	0	847049
2	0.01	0	418848
2	0.05	0	925209
2	0.0	0	278767
2	0.0	0	287562
2	0.0	0	773139
2	0.01	0	489235
2	0.0	0	278009
2	0.01	0	761199
2	0.0	0	899898
2	0.0	0	400390
2	0.0	0	542934
2	0.01	0	693399
2	0.03	0	894444
2	0.02	0	374893
2	0.02	0	830914
2	0.05	0	574150
2	0.0	0	752588
2	0.0	0	832589
2	0.44	0	638272
2	0.08	0	884312
2	0.02	0	904775
2	0.0	0	716516
2	0.06	0	488269
2	0.02	0	296380
2	0.01	0	554098
2	0.0	0	533638
2	0.13	0	341062
2	0.0	0	611945
2	0.0	0	719841
2	0.01	0	713815
2	0.01	0	326541
2	0.01	0	708208
2	0.0	0	560087
2	0.12	0	415462
2	0.15	0	643420
2	0.1	0	759623
2	0.0	0	769185
2	0.02	0	724714
2	0.04	0	305666
2	0.17	0	743049
2	0.08	0	626447
2	0.0	0	892510
2	0.0	0	540857
2	0.04	0	785887
2	0.0	0	770195
2	0.04	0	433178
2	0.06	0	387681
2	0.09	1	598161
2	0.03	0	703847
2	0.02	0	701488
2	0.04	0	238012
2	0.0	0	384140
2	0.13	0	868372
2	0.02	0	534320
2	0.03	0	245994
2	0.01	0	694646
2	0.01	0	638813
2	0.02	0	268979
2	0.0	0	260526
2	0.11	0	782878
2	0.0	0	512902
2	0.07	0	200629
2	0.0	0	884116
2	0.02	0	429023
2	0.0	0	759604
2	0.08	0	541846
2	0.04	0	573659
2	0.05	0	168984
2	0.06	0	757410
2	0.02	0	725124
2	0.08	1	487456
2	0.03	0	831839
2	0.0	0	438507
2	0.01	0	327709
2	0.1	0	980109
2	0.01	0	543304
2	0.02	0	508736
2	0.27	0	685117
2	0.01	0	509611
2	0.03	0	634154
2	0.01	0	674580
2	0.0	0	325833
2	0.01	0	421274
2	0.03	0	719362
2	0.02	0	556609
2	0.06	0	433853
2	0.03	0	471680
2	0.07	0	575200
2	0.0	0	289739
2	0.02	0	276014
2	0.0	0	342608
2	0.0	0	606268
2	0.09	0	707605
2	0.03	0	938090
2	0.01	0	612310
2	0.0	0	753110
2	0.0	0	733489
2	0.02	0	487726
2	0.01	0	413568
2	0.03	0	755253
2	0.0	0	392660
2	0.04	0	1012590
2	0.0	0	655701
2	0.02	0	128275
2	0.0	0	311600
2	0.01	0	501808
2	0.23	1	929897
2	0.01	0	298852
2	0.03	0	926611
2	0.0	0	421151
2	0.17	1	493229
2	0.0	0	773941
2	0.0	0	542674
2	0.0	0	682051
2	0.05	0	304502
2	0.0	0	992490
2	0.0	0	850175
2	0.06	0	525604
2	0.09	0	518021
2	0.01	0	693189
2	0.0	0	163233
2	0.01	0	766679
2	0.0	0	764592
2	0.0	0	248289
2	0.06	0	579354
2	0.0	0	702118
2	0.0	0	688922
2	0.0	0	607042
2	0.0	0	947606
2	0.0	0	248302
2	0.04	0	820608
2	0.01	0	588429
2	0.0	0	838204
2	0.0	0	579894
2	0.09	0	543671
2	0.11	0	276817
2	0.08	1	942939
2	0.0	0	771412
2	0.0	0	307345
2	0.0	0	868757
2	0.07	0	673403
2	0.0	0	757415
2	0.0	0	379623
2	0.1	0	664368
2	0.04	0	558778
2	0.0	0	801472
2	0.03	0	232473
2	0.04	0	858681
2	0.0	0	870102
2	0.0	0	288751
2	0.22	0	891530
2	0.03	0	354482
2	0.01	0	551587
2	0.17	0	137067
2	0.01	0	528920
2	0.0	0	706566
2	0.0	0	1011308
2	0.02	0	612998
2	0.0	0	772289
2	0.0	0	434013
2	0.01	0	339520
2	0.19	1	946740
2	0.01	0	392445
2	0.01	0	615805
2	0.09	0	929981
2	0.0	0	699011
2	0.0	0	688700
2	0.01	0	190702
2	0.05	0	576220
2	0.0	0	435535
2	0.0	0	786460
2	0.05	0	613402
2	0.08	0	555187
2	0.01	0	649209
2	0.01	0	566149
2	0.07	0	657414
2	0.11	0	690937
2	0.01	0	820750
2	0.0	0	790837
2	0.0	0	594408
2	0.31	1	805525
2	0.0	0	681212
2	0.02	0	430265
2	0.01	0	350777
2	0.12	0	728867
2	0.03	0	510086
2	0.03	0	345193
2	0.0	0	506045
2	0.07	0	941892
2	0.03	0	275667
2	0.0	0	785535
2	0.01	0	641428
2	0.05	0	599161
2	0.0	0	602808
2	0.03	0	595385
2	0.01	0	577625
2	0.19	0	448419
2	0.05	0	756028
2	0.0	0	557665
2	0.03	0	851904
2	0.0	0	836415
2	0.0	0	795161
2	0.01	0	803470
2	0.1	0	649487
2	0.0	0	728070
2	0.04	0	789689
2	0.03	0	473839
2	0.0	0	783541
2	0.05	0	901943
2	0.0	0	227025
2	0.0	0	508797
2	0.0	0	573100
2	0.01	0	692173
2	0.0	0	869449
2	0.0	0	496431
2	0.0	0	357824
2	0.0	0	564504
2	0.01	0	316676
2	0.01	0	657259
2	0.01	0	501907
2	0.01	0	762312
2	0.03	0	766450
2	0.01	0	491747
2	0.02	0	807523
2	0.21	0	788086
2	0.01	0	208433
2	0.0	0	547829
2	0.01	0	909250
2	0.06	0	650204
2	0.0	0	350311
2	0.04	0	767404
2	0.0	0	383814
2	0.0	0	644914
2	0.01	0	547719
2	0.0	0	748071
2	0.02	0	350803
2	0.0	0	699452
2	0.03	0	847244
2	0.0	0	437772
2	0.06	0	487600
2	0.28	1	589074
2	0.0	0	891766
2	0.0	0	955033
2	0.04	0	779992
2	0.01	0	889853
2	0.0	0	589752
2	0.0	0	773957
2	0.25	0	146017
2	0.0	0	680585
2	0.0	0	862702
2	0.0	0	792951
2	0.0	0	692625
2	0.0	0	451492
2	0.17	0	662890
2	0.02	0	234076
2	0.03	0	144843
2	0.0	0	313161
2	0.02	0	564808
2	0.01	0	717277
2	0.1	0	558960
2	0.02	0	700579
2	0.04	0	286656
2	0.02	0	637655
2	0.01	0	686976
2	0.0	0	901160
2	0.03	0	295143
2	0.01	0	797951
2	0.06	0	489887
2	0.0	0	322065
2	0.03	0	625651
2	0.0	0	918699
2	0.05	0	656785
2	0.0	0	763162
2	0.0	0	923027
2	0.0	0	526922
2	0.05	0	705958
2	0.15	0	510864
2	0.01	0	659770
2	0.0	0	739457
2	0.01	0	613026
2	0.0	0	832954
2	0.12	0	517656
2	0.0	0	779706
2	0.11	0	430902
2	0.0	0	841188
2	0.04	0	773655
2	0.01	0	541280
2	0.05	0	230514
2	0.05	0	737360
2	0.0	0	872157
2	0.01	0	892902
2	0.0	0	796561
2	0.0	0	975122
2	0.01	0	764715
2	0.01	0	437467
2	0.0	0	522781
2	0.01	0	842668
2	0.0	0	454871
2	0.0	0	614014
2	0.06	0	857010
3	0.03	0	606594
3	0.0	0	681804
3	0.01	0	242387
3	0.0	0	936195
3	0.0	0	674323
3	0.01	0	278040
3	0.0	0	431312
3	0.0	0	476140
3	0.05	0	276128
3	0.04	0	656549
3	0.0	0	899503
3	0.0	0	681319
3	0.06	0	898968
3	0.08	0	473508
3	0.02	0	939719
3	0.0	0	291409
3	0.02	0	515839
3	0.0	0	594338
3	0.0	0	719824
3	0.0	0	396759
3	0.02	0	804509
3	0.0	0	727822
3	0.02	0	644603
3	0.0	0	430130
3	0.04	0	926946
3	0.06	0	80843
3	0.14	0	284884
3	0.01	0	680365
3	0.03	0	387233
3	0.0	0	266341
3	0.03	0	473917
3	0.0	0	890663
3	0.03	1	657269
3	0.01	0	306694
3	0.03	0	769089
3	0.0	0	512532
3	0.0	0	528659
3	0.04	0	432959
3	0.0	0	417393
3	0.01	0	566450
3	0.0	0	321307
3	0.0	0	528024
3	0.11	0	848139
3	0.16	1	523380
3	0.1	0	79633
3	0.04	1	511583
3	0.0	0	350532
3	0.0	0	911287
3	0.01	0	473320
3	0.04	0	766855
3	0.12	0	476304
3	0.0	0	630915
3	0.02	0	556613
3	0.0	0	912646
3	0.01	0	821183
3	0.02	0	691472
3	0.0	0	602876
3	0.0	0	330691
3	0.04	0	641797
3	0.0	0	917037
3	0.06	0	277698
3	0.0	0	505843
3	0.03	0	852507
3	0.31	0	697951
3	0.12	0	736437
3	0.0	0	308287
3	0.03	0	235876
3	0.06	0	294522
3	0.0	0	677925
3	0.02	0	893645
3	0.0	0	522973
3	0.0	0	543863
3	0.02	0	757134
3	0.06	0	777003
3	0.03	0	231661
3	0.0	0	757959
3	0.08	0	505872
3	0.0	0	550993
3	0.0	0	826962
3	0.0	0	780002
3	0.0	0	281093
3	0.0	0	748388
3	0.0	0	892959
3	0.0	0	296059
3	0.0	0	718187
3	0.01	0	851762
3	0.0	0	558389
3	0.0	0	831784
3	0.09	0	516691
3	0.0	0	289651
3	0.0	0	447933
3	0.01	0	579320
3	0.0	0	695580
3	0.01	0	694911
3	0.0	0	416797
3	0.0	0	731178
3	0.04	0	553346
3	0.04	0	326603
3	0.0	0	665990
3	0.0	0	690062
3	0.0	0	862711
3	0.0	0	523339
3	0.0	0	313216
3	0.0	0	338347
3	0.0	0	606047
3	0.03	0	544431
3	0.01	0	687729
3	0.0	0	761097
3	0.01	0	284854
3	0.0	0	484720
3	0.0	0	667079
3	0.1	0	451395
3	0.02	0	510403
3	0.0	0	922756
3	0.11	0	717025
3	0.07	0	476320
3	0.03	1	695511
3	0.0	0	795685
3	0.0	0	632914
3	0.0	0	255049
3	0.0	0	811541
3	0.0	0	762711
3	0.0	0	1006058
3	0.0	0	575348
3	0.0	0	237513
3	0.17	0	390257
3	0.25	1	523368
3	0.02	0	431361
3	0.01	0	872129
3	0.0	0	631735
3	0.04	0	756249
3	0.02	0	782988
3	0.0	0	683058
3	0.0	0	306915
3	0.0	0	415996
3	0.12	0	552270
3	0.0	0	556250
3	0.0	0	438583
3	0.0	0	776726
3	0.0	0	475769
3	0.0	0	587105
3	0.0	0	919178
3	0.01	0	540219
3	0.02	0	627949
3	0.06	0	732428
3	0.03	0	731128
3	0.02	0	637079
3	0.03	0	390632
3	0.07	0	390639
3	0.0	0	607910
3	0.05	0	344972
3	0.04	0	901158
3	0.06	0	474848
3	0.1	0	484890
3	0.15	1	791909
3	0.01	0	579151
3	0.0	0	658513
3	0.0	0	691578
3	0.0	0	278118
3	0.05	0	834894
3	0.02	0	631976
3	0.08	0	681902
3	0.0	0	633145
3	0.17	0	415060
3	0.13	0	147137
3	0.0	0	721224
3	0.01	0	437396
3	0.0	0	627454
3	0.0	0	637599
3	0.07	0	493818
3	0.03	0	129797
3	0.0	0	861139
3	0.01	0	521955
3	0.01	0	882405
3	0.13	0	823674
3	0.01	0	983280
3	0.09	0	737791
3	0.01	0	961972
3	0.0	0	660124
3	0.08	0	217909
3	0.03	0	551633
3	0.01	0	882061
3	0.01	0	638100
3	0.08	1	741484
3	0.1	0	506428
3	0.04	0	842417
3	0.04	0	964459
3	0.01	0	899656
3	0.01	0	244434
3	0.0	0	762980
3	0.0	0	521963
3	0.03	0	445720
3	0.01	0	607812
3	0.13	0	587724
3	0.0	0	482757
3	0.0	0	726969
3	0.01	0	775873
3	0.08	0	380708
3	0.0	0	744255
3	0.06	0	819151
3	0.0	0	516704
3	0.02	1	592199
3	0.02	0	485975
3	0.0	0	488467
3	0.0	0	305907
3	0.0	0	833292
3	0.03	0	541848
3	0.02	0	395929
3	0.0	0	269043
3	0.02	0	752109
3	0.0	0	454383
3	0.0	0	379957
3	0.08	0	639513
3	0.01	0	510924
3	0.03	0	726412
3	0.0	0	531319
3	0.0	0	276279
3	0.0	0	664584
3	0.03	0	561584
3	0.01	0	534479
3	0.01	0	902278
3	0.0	0	486331
3	0.0	0	230454
3	0.0	0	637580
3	0.0	0	516420
3	0.0	0	608900
3	0.07	0	278477
3	0.0	0	667060
3	0.07	0	793079
3	0.27	0	559913
3	0.0	1	718774
3	0.01	0	869448
3	0.0	0	601922
3	0.05	0	767694
3	0.04	0	951998
3	0.02	0	669691
3	0.0	0	398638
3	0.03	0	899913
3	0.0	0	670904
3	0.0	0	427110
3	0.01	0	669018
3	0.0	0	594951
3	0.0	0	614539
3	0.0	0	807588
3	0.0	0	849157
3	0.0	0	666000
3	0.0	0	688475
3	0.0	0	562258
3	0.0	0	514834
3	0.0	0	397429
3	0.01	0	475757
3	0.0	0	738364
3	0.01	0	842762
3	0.01	0	704330
3	0.0	0	903890
3	0.01	0	900570
3	0.0	0	763186
3	0.0	0	700853
3	0.0	0	431399
3	0.0	0	577107
3	0.02	0	495356
3	0.0	0	893618
3	0.0	0	591799
3	0.02	0	790453
3	0.0	0	513314
3	0.0	0	608689
3	0.03	0	657551
3	0.07	0	520804
3	0.0	0	681548
3	0.0	0	763218
3	0.0	0	791536
3	0.02	0	856705
3	0.0	0	608767
3	0.0	0	673283
3	0.0	0	832582
3	0.05	0	606585
3	0.03	0	505335
3	0.02	0	479765
3	0.01	0	439194
3	0.17	0	181310
3	0.01	0	613713
3	0.07	0	596758
3	0.0	0	528760
3	0.14	0	1001138
3	0.0	0	529360
3	0.55	0	853380
3	0.01	0	814493
3	0.02	0	805096
3	0.0	0	768466
3	0.03	0	240061
3	0.0	0	486816
3	0.01	0	590151
3	0.03	0	798975
3	0.0	0	679339
3	0.0	0	593950
3	0.03	0	633869
3	0.02	0	875679
3	0.0	0	901391
3	0.0	0	793032
3	0.01	0	694655
3	0.0	0	824427
3	0.07	0	522789
3	0.0	0	725870
3	0.02	0	777929
3	0.01	0	540266
3	0.14	0	870058
3	0.0	0	826820
3	0.0	0	549449
3	0.02	0	641789
3	0.1	0	934283
3	0.0	0	788771
3	0.02	0	723182
3	0.01	0	482310
3	0.01	0	269685
3	0.07	0	730713
3	0.03	0	299579
3	0.0	0	447437
3	0.01	0	681609
3	0.0	0	554684
3	0.02	0	318802
3	0.08	0	432230
3	0.01	0	533813
3	0.0	0	597874
3	0.05	0	285092
3	0.52	0	577035
3	0.0	0	713808
3	0.02	0	434278
3	0.03	0	882355
3	0.0	0	683582
3	0.01	0	643487
3	0.03	0	488798
3	0.0	0	894231
3	0.01	0	950464
3	0.0	0	667921
3	0.0	0	701063
3	0.13	0	637950
3	0.0	0	860305
3	0.02	0	648920
3	0.21	0	284474
3	0.01	0	674782
3	0.0	0	670451
3	0.0	0	788907
3	0.0	0	730036
3	0.0	0	743809
3	0.01	0	634091
3	0.03	0	557840
3	0.0	0	316984
3	0.0	0	471814
3	0.06	0	431445
3	0.03	0	885789
3	0.08	0	762343
3	0.0	0	531685
3	0.06	0	769141
3	0.11	0	624306
3	0.02	0	812605
3	0.01	0	598431
3	0.01	0	674343
3	0.06	0	312386
3	0.0	0	1003493
3	0.02	0	603217
3	0.0	0	295316
3	0.09	0	756232
3	0.0	0	393295
3	0.0	0	793249
3	0.0	0	434658
3	0.0	0	987987
3	0.07	0	217869
3	0.03	0	701287
3	0.03	0	240673
3	0.05	0	633384
3	0.05	0	872362
3	0.12	0	508310
3	0.05	0	231063
3	0.0	0	882062
3	0.0	0	757714
3	0.0	0	270829
3	0.0	0	244784
3	0.01	0	233546
3	0.09	0	854379
3	0.01	0	874946
3	0.05	0	833297
3	0.0	0	258058
3	0.08	0	316923
3	0.02	0	896533
3	0.0	0	901872
3	0.02	0	534083
3	0.0	0	681604
3	0.0	0	931236
3	0.0	0	843384
3	0.09	0	310792
3	0.21	0	774507
3	0.05	0	786266
3	0.07	0	701269
3	0.0	0	932012
3	0.0	0	811150
3	0.0	0	767076
3	0.09	0	759931
3	0.11	0	229959
4	0.0	0	317266
4	0.0	0	506658
4	0.0	0	895458
4	0.0	0	670241
4	0.01	0	351887
4	0.25	0	637651
4	0.01	0	613715
4	0.0	0	512232
4	0.0	0	489695
4	0.0	0	905445
4	0.01	0	576876
4	0.04	0	670350
4	0.0	0	350335
4	0.0	0	790758
4	0.0	0	750648
4	0.02	0	454016
4	0.16	0	907311
4	0.0	0	817563
4	0.01	0	577553
4	0.01	1	739709
4	0.14	0	611524
4	0.0	0	434757
4	0.0	0	666421
4	0.0	0	664189
4	0.09	0	476141
4	0.0	0	863563
4	0.0	0	555421
4	0.22	0	558331
4	0.05	0	838955
4	0.03	0	358580
4	0.04	0	707599
4	0.04	0	805270
4	0.02	0	636290
4	0.08	0	312220
4	0.02	0	551749
4	0.01	0	913191
4	0.0	0	605446
4	0.03	0	320397
4	0.02	0	559087
4	0.0	0	698578
4	0.01	0	124743
4	0.06	0	79501
4	0.02	0	780017
4	0.01	0	869549
4	0.0	0	320423
4	0.0	0	718555
4	0.04	0	736634
4	0.0	0	685770
4	0.03	0	327493
4	0.02	0	511584
4	0.01	0	609094
4	0.03	0	603084
4	0.0	0	659032
4	0.0	0	810046
4	0.0	0	700425
4	0.04	1	277544
4	0.03	0	477345
4	0.0	0	972006
4	0.0	0	682576
4	0.0	0	844998
4	0.01	0	283302
4	0.01	0	807715
4	0.05	0	739158
4	0.0	0	665259
4	0.01	0	564556
4	0.13	0	339595
4	0.02	0	824121
4	0.0	0	598826
4	0.0	0	813591
4	0.0	0	719386
4	0.04	0	796344
4	0.01	1	777788
4	0.09	0	600202
4	0.11	1	579052
4	0.0	0	783314
4	0.03	0	772697
4	0.0	0	291484
4	0.0	0	453904
4	0.12	0	672241
4	0.01	0	723889
4	0.06	0	547353
4	0.0	0	523628
4	0.11	0	735940
4	0.0	0	743892
4	0.01	0	438893
4	0.0	0	575855
4	0.03	0	779152
4	0.02	0	421491
4	0.01	0	278979
4	0.04	0	674361
4	0.02	0	732665
4	0.0	0	788474
4	0.07	0	686939
4	0.01	0	187443
4	0.0	0	202085
4	0.01	0	237519
4	0.02	0	235331
4	0.02	0	597315
4	0.0	0	730798
4	0.06	0	382595
4	0.0	0	796269
4	0.15	0	844257
4	0.0	0	830837
4	0.01	0	919056
4	0.08	0	830511
4	0.03	0	823692
4	0.01	0	615032
4	0.04	0	797391
4	0.03	0	431570
4	0.04	0	881294
4	0.11	0	877455
4	0.01	0	402056
4	0.02	0	648952
4	0.03	0	551391
4	0.08	0	784971
4	0.01	0	791322
4	0.0	0	318380
4	0.01	0	175327
4	0.0	0	382445
4	0.0	0	560560
4	0.09	0	678462
4	0.04	0	531457
4	0.02	0	401705
4	0.0	0	575036
4	0.0	0	956860
4	0.01	0	786788
4	0.14	0	198428
4	0.0	0	427330
4	0.04	1	862122
4	0.0	0	557353
4	0.03	0	1001389
4	0.03	0	673422
4	0.0	0	649909
4	0.07	0	734266
4	0.03	0	282049
4	0.02	0	833037
4	0.29	0	272617
4	0.0	0	842655
4	0.0	0	481891
4	0.0	0	763506
4	0.0	0	194069
4	0.05	0	844894
4	0.0	0	517477
4	0.03	0	739746
4	0.11	0	607654
4	0.01	0	575752
4	0.0	0	215253
4	0.0	0	748370
4	0.0	0	629373
4	0.06	0	824530
4	0.0	0	665225
4	0.08	0	541547
4	0.0	0	816905
4	0.01	0	555483
4	0.05	0	449541
4	0.01	0	738362
4	0.01	0	658804
4	0.0	0	445711
4	0.0	0	610079
4	0.0	0	563562
4	0.0	0	798667
4	0.01	0	855866
4	0.0	0	885903
4	0.05	0	274249
4	0.04	1	281789
4	0.04	0	625749
4	0.0	0	812938
4	0.03	0	736702
4	0.02	0	862193
4	0.07	0	563652
4	0.07	0	551767
4	0.01	0	360815
4	0.07	0	736094
4	0.0	0	661356
4	0.03	1	735728
4	0.18	0	299254
4	0.05	0	780022
4	0.0	0	718834
4	0.0	0	625889
4	0.03	0	275262
4	0.01	0	807598
4	0.0	0	637307
4	0.05	0	718552
4	0.03	0	494021
4	0.02	0	714933
4	0.07	0	510949
4	0.0	0	603415
4	0.0	0	379049
4	0.02	0	357017
4	0.22	0	663580
4	0.01	0	892650
4	0.05	0	299541
4	0.0	0	381932
4	0.07	0	833336
4	0.07	0	893006
4	0.02	0	476993
4	0.06	0	540246
4	0.0	0	942280
4	0.0	0	907376
4	0.0	0	794179
4	0.19	0	150195
4	0.0	0	374790
4	0.0	0	648121
4	0.01	0	474111
4	0.01	0	948380
4	0.04	0	126585
4	0.0	0	470821
4	0.03	0	821645
4	0.02	0	331131
4	0.0	0	706417
4	0.0	0	867682
4	0.0	0	817414
4	0.03	0	761082
4	0.05	0	477814
4	0.05	0	756545
4	0.0	0	761427
4	0.0	0	292016
4	0.02	0	181058
4	0.0	0	627119
4	0.02	0	786567
4	0.0	0	524154
4	0.11	0	726554
4	0.0	0	432245
4	0.0	0	673821
4	0.05	0	781967
4	0.07	0	397439
4	0.0	0	389131
4	0.3	0	615697
4	0.06	0	415055
4	0.0	0	738965
4	0.0	0	741505
4	0.04	0	892642
4	0.01	0	812499
4	0.19	0	436593
4	0.0	0	644321
4	0.16	0	893554
4	0.0	0	941939
4	0.02	0	552310
4	0.1	0	839247
4	0.17	0	506840
4	0.0	0	739371
4	0.0	0	397593
4	0.0	0	728925
4	0.01	0	634842
4	0.22	0	449520
4	0.02	0	1000794
4	0.0	0	842736
4	0.06	0	673401
4	0.0	0	445648
4	0.0	0	958094
4	0.0	0	930193
4	0.07	0	665639
4	0.0	0	557503
4	0.0	0	256179
4	0.06	0	450389
4	0.01	0	656447
4	0.0	0	971234
4	0.0	0	748427
4	0.0	0	238180
4	0.0	0	878796
4	0.02	0	682431
4	0.0	0	801235
4	0.0	0	725900
4	0.23	0	786500
4	0.0	0	715645
4	0.0	0	772191
4	0.01	0	728702
4	0.06	0	865716
4	0.03	0	836322
4	0.0	0	638927
4	0.0	0	705179
4	0.23	0	837084
4	0.02	0	358239
4	0.01	0	642241
4	0.0	0	664206
4	0.02	0	905347
4	0.03	0	639791
4	0.0	0	804193
4	0.0	0	931984
4	0.03	0	636976
4	0.02	0	776288
4	0.01	0	322596
4	0.0	0	949185
4	0.04	0	515484
4	0.0	0	594940
4	0.0	0	805210
4	0.0	0	902763
4	0.09	0	301386
4	0.02	0	933206
4	0.0	0	787218
4	0.02	0	591798
4	0.01	0	839074
4	0.09	0	218072
4	0.02	0	454443
4	0.0	0	510581
4	0.01	0	874313
4	0.0	0	941807
4	0.21	0	554873
4	0.15	1	649248
4	0.04	0	650311
4	0.02	0	763562
4	0.22	0	634074
4	0.0	0	629288
4	0.0	0	726193
4	0.03	0	822712
4	0.0	0	693815
4	0.36	0	847238
4	0.0	0	683222
4	0.06	0	843675
4	0.0	0	575792
4	0.01	0	597782
4	0.0	0	782971
4	0.06	0	317629
4	0.03	0	759921
4	0.0	0	590976
4	0.0	0	445458
4	0.01	0	878506
4	0.01	0	596753
4	0.03	0	374724
4	0.23	0	748037
4	0.0	0	976052
4	0.03	0	473843
4	0.0	0	637494
4	0.02	0	287924
4	0.0	0	344662
4	0.01	0	268059
4	0.01	0	605007
4	0.03	0	667439
4	0.0	0	335626
4	0.01	0	811112
4	0.01	0	763155
4	0.0	0	205531
4	0.01	0	294267
4	0.01	0	794056
4	0.0	0	412648
4	0.0	0	925560
4	0.0	0	656196
4	0.0	0	749014
4	0.02	0	510428
4	0.06	0	635087
4	0.03	0	544727
4	0.04	0	954381
4	0.0	0	726978
4	0.11	0	450648
4	0.0	0	268220
4	0.01	0	682965
4	0.02	0	841680
4	0.0	0	635098
4	0.01	0	450542
4	0.02	0	524002
4	0.01	0	580366
4	0.01	0	454882
4	0.0	0	632858
4	0.01	0	529420
4	0.0	0	338786
4	0.03	0	721740
4	0.02	0	431286
4	0.0	0	734159
4	0.03	0	614956
4	0.0	0	720011
4	0.1	0	763187
4	0.0	0	679212
4	0.0	0	682752
4	0.03	0	768489
4	0.2	0	318359
4	0.03	1	933271
4	0.12	0	663401
4	0.01	0	818664
4	0.0	0	988124
4	0.02	0	558783
4	0.01	0	354381
4	0.0	0	557376
4	0.0	0	977701
4	0.0	0	286886
4	0.0	0	986091
4	0.0	0	909243
4	0.0	0	527023
4	0.01	0	394765
4	0.0	0	245078
4	0.0	0	298642
4	0.0	0	859153
4	0.0	0	777916
4	0.07	0	292776
4	0.0	0	432654
4	0.0	0	623630
4	0.0	0	988484
4	0.0	0	407928
4	0.0	0	646953
4	0.0	0	279357
4	0.09	0	741216
4	0.0	0	342480
4	0.0	0	831835
4	0.01	0	563836
4	0.06	0	939113
4	0.11	0	750912
4	0.06	0	218112
4	0.15	0	204878
4	0.0	0	499119
5	0.0	0	371496
5	0.0	0	686428
5	0.08	0	204596
5	0.06	0	176410
5	0.01	0	310000
5	0.01	0	961769
5	0.0	0	865549
5	0.0	0	800828
5	0.03	0	578094
5	0.03	0	175527
5	0.05	0	605790
5	0.01	0	783914
5	0.02	0	232769
5	0.0	0	296593
5	0.0	0	390452
5	0.0	0	517674
5	0.02	0	880013
5	0.0	0	780003
5	0.03	0	433844
5	0.0	0	994509
5	0.03	0	606034
5	0.05	0	389258
5	0.0	0	951993
5	0.0	0	783935
5	0.0	0	477352
5	0.16	0	308214
5	0.0	0	724016
5	0.01	0	666399
5	0.04	0	227208
5	0.0	0	881935
5	0.0	0	681243
5	0.01	0	662306
5	0.01	0	670484
5	0.09	0	856637
5	0.09	0	558893
5	0.0	0	514837
5	0.03	0	393854
5	0.02	0	758684
5	0.01	0	295364
5	0.0	0	842956
5	0.02	0	919922
5	0.0	0	605838
5	0.02	0	613843
5	0.04	0	763588
5	0.0	0	946137
5	0.0	0	875418
5	0.05	0	495898
5	0.05	0	545090
5	0.14	0	662225
5	0.01	0	704899
5	0.01	0	751582
5	0.03	0	743007
5	0.01	0	641888
5	0.01	0	916880
5	0.02	0	639140
5	0.01	0	482546
5	0.01	0	607092
5	0.0	0	564843
5	0.0	0	613818
5	0.01	0	690530
5	0.02	0	720649
5	0.0	0	434171
5	0.0	0	995436
5	0.0	0	672332
5	0.0	0	808996
5	0.03	0	685158
5	0.0	0	849910
5	0.0	0	777927
5	0.0	0	561307
5	0.01	0	700973
5	0.0	0	713795
5	0.02	0	476126
5	0.02	0	700878
5	0.0	0	805097
5	0.03	0	756941
5	0.0	0	656778
5	0.04	0	759198
5	0.0	0	863114
5	0.0	0	256310
5	0.0	0	516665
5	0.03	0	745554
5	0.01	0	304982
5	0.0	0	312116
5	0.12	0	644597
5	0.03	0	592077
5	0.01	0	785485
5	0.0	0	802027
5	0.0	0	903880
5	0.0	0	601733
5	0.0	0	662323
5	0.0	0	694106
5	0.01	0	530238
5	0.0	0	841983
5	0.0	0	699045
5	0.05	0	692369
5	0.0	0	344796
5	0.0	0	951479
5	0.0	0	512272
5	0.01	0	327871
5	0.01	0	847197
5	0.01	0	515481
5	0.07	0	729258
5	0.03	0	760307
5	0.0	0	848994
5	0.0	0	703841
5	0.0	0	417460
5	0.02	0	632610
5	0.01	0	882766
5	0.08	0	742343
5	0.11	0	239979
5	0.0	0	484873
5	0.03	0	614633
5	0.02	0	658114
5	0.0	0	558691
5	0.11	0	627495
5	0.01	0	454907
5	0.02	0	578860
5	0.01	0	664397
5	0.02	0	412929
5	0.0	0	515740
5	0.0	0	473854
5	0.0	0	648763
5	0.0	0	866849
5	0.02	0	286001
5	0.09	0	326185
5	0.0	0	731486
5	0.01	0	783289
5	0.0	0	818329
5	0.01	0	744755
5	0.25	0	308908
5	0.0	0	718524
5	0.0	0	559145
5	0.01	0	761336
5	0.04	0	914247
5	0.0	0	714639
5	0.4	0	551470
5	0.0	0	747256
5	0.0	0	485683
5	0.02	1	939527
5	0.11	0	580290
5	0.0	0	422166
5	0.0	0	616292
5	0.0	0	419159
5	0.01	0	717272
5	0.08	0	882770
5	0.04	0	872477
5	0.0	0	605252
5	0.06	1	791326
5	0.02	0	704829
5	0.33	0	942129
5	0.05	0	312813
5	0.22	1	673437
5	0.01	0	414329
5	0.01	0	167504
5	0.03	0	603358
5	0.01	0	944193
5	0.2	1	258216
5	0.04	0	252833
5	0.0	0	989088
5	0.09	0	787887
5	0.0	0	290630
5	0.02	0	512873
5	0.0	0	759612
5	0.0	0	695548
5	0.0	0	997364
5	0.03	0	777945
5	0.07	0	688224
5	0.0	0	747248
5	0.0	0	437656
5	0.02	0	297346
5	0.0	0	701744
5	0.0	0	754154
5	0.01	0	648986
5	0.12	0	170182
5	0.02	0	896873
5	0.01	0	759043
5	0.05	0	996942
5	0.0	0	391490
5	0.0	0	806920
5	0.0	0	307589
5	0.01	0	904813
5	0.03	0	698346
5	0.01	0	803242
5	0.0	0	369743
5	0.05	0	474825
5	0.01	0	317461
5	0.04	0	922046
5	0.04	0	254790
5	0.0	0	327086
5	0.0	0	606471
5	0.01	0	317296
5	0.0	0	615358
5	0.0	0	812678
5	0.01	0	855464
5	0.0	0	329127
5	0.04	0	505477
5	0.0	0	263397
5	0.0	0	341990
5	0.12	0	673425
5	0.01	0	276078
5	0.01	0	253774
5	0.0	0	853299
5	0.03	0	400164
5	0.07	0	336050
5	0.01	0	327371
5	0.0	0	385196
5	0.07	0	272556
5	0.0	0	551747
5	0.01	0	779418
5	0.04	0	648706
5	0.01	0	867186
5	0.0	0	487902
5	0.0	0	855685
5	0.3	0	678957
5	0.0	0	812881
5	0.0	0	791946
5	0.01	0	613040
5	0.0	0	739201
5	0.04	0	608525
5	0.01	0	510802
5	0.02	0	473134
5	0.05	0	641562
5	0.02	0	475594
5	0.0	0	391169
5	0.0	0	993227
5	0.12	0	597049
5	0.02	0	543771
5	0.01	0	612307
5	0.14	0	672933
5	0.01	0	881608
5	0.03	0	590965
5	0.0	0	430260
5	0.04	0	868949
5	0.17	0	561847
5	0.08	0	272794
5	0.18	0	504827
5	0.02	0	868573
5	0.1	1	316573
5	0.01	0	473993
5	0.07	1	547607
5	0.0	0	549888
5	0.0	0	610890
5	0.05	0	698086
5	0.0	0	860793
5	0.08	0	495901
5	0.0	0	811447
5	0.1	1	389756
5	0.09	1	689544
5	0.0	0	292066
5	0.0	0	254103
5	0.02	0	726874
5	0.0	0	953402
5	0.07	0	825748
5	0.09	0	79987
5	0.09	0	488939
5	0.01	0	559368
5	0.0	0	142511
5	0.01	0	759930
5	0.03	0	953436
5	0.04	0	811519
5	0.04	0	673295
5	0.05	0	552644
5	0.0	0	631971
5	0.01	0	756694
5	0.03	0	576397
5	0.01	0	665475
5	0.02	0	949971
5	0.04	0	305807
5	0.0	0	770616
5	0.04	0	655923
5	0.09	0	613685
5	0.0	0	819977
5	0.0	0	983847
5	0.13	0	445199
5	0.02	0	640394
5	0.03	0	750396
5	0.01	0	631993
5	0.02	0	818877
5	0.0	0	662777
5	0.0	0	923343
5	0.02	0	940739
5	0.04	0	257512
5	0.0	0	867385
5	0.0	0	485781
5	0.0	0	884761
5	0.01	0	658001
5	0.03	0	269376
5	0.0	0	668613
5	0.03	0	280838
5	0.0	0	815334
5	0.03	0	795485
5	0.05	0	736235
5	0.02	0	309411
5	0.0	0	413830
5	0.0	0	870508
5	0.0	0	255448
5	0.04	0	347537
5	0.01	0	417760
5	0.0	0	891688
5	0.0	0	639102
5	0.04	0	735255
5	0.06	0	945459
5	0.0	0	685786
5	0.01	0	871260
5	0.01	0	663168
5	0.0	0	566145
5	0.0	0	637377
5	0.01	0	889504
5	0.06	0	646936
5	0.2	1	809691
5	0.06	0	542833
5	0.02	0	362845
5	0.03	0	738529
5	0.0	0	273359
5	0.0	0	763010
5	0.0	0	723838
5	0.07	0	898307
5	0.01	0	914841
5	0.0	0	546616
5	0.08	0	811504
5	0.0	0	247674
5	0.0	0	523258
5	0.02	0	473659
5	0.0	0	494224
5	0.0	0	587118
5	0.0	0	341401
5	0.0	0	881942
5	0.05	0	521694
5	0.03	0	892020
5	0.16	0	470654
5	0.0	0	694908
5	0.05	0	492490
5	0.11	0	707879
5	0.01	0	387730
5	0.03	0	389702
5	0.01	0	292831
5	0.02	0	844055
5	0.0	0	491776
5	0.01	0	573674
5	0.03	0	798018
5	0.23	0	244234
5	0.01	0	771080
5	0.08	0	591149
5	0.0	0	510653
5	0.06	0	491863
5	0.0	0	533777
5	0.0	0	924024
5	0.03	0	795499
5	0.0	0	485782
5	0.07	0	540838
5	0.04	0	770077
5	0.05	0	679284
5	0.0	0	553247
5	0.0	0	804500
5	0.02	0	521519
5	0.01	0	738893
5	0.06	0	733038
5	0.02	0	521977
5	0.0	0	611060
5	0.1	0	492821
5	0.02	0	326111
5	0.0	0	755295
5	0.0	0	716321
5	0.0	0	603320
5	0.03	0	855664
5	0.0	0	561329
5	0.0	0	695530
5	0.0	0	685419
5	0.02	0	880887
5	0.02	0	579890
5	0.0	0	807295
5	0.0	0	277965
5	0.0	0	259163
5	0.01	0	561333
5	0.0	0	289197
5	0.0	0	922755
5	0.01	0	280992
5	0.0	0	675068
5	0.0	0	611768
5	0.01	0	741818
5	0.07	0	633810
5	0.0	0	284109
5	0.02	0	772258
5	0.01	0	668068
5	0.0	0	295203
5	0.02	0	816715
5	0.02	0	658127
5	0.01	0	862545
5	0.0	0	776175
5	0.15	0	436558
5	0.01	0	556857
5	0.1	0	527281
5	0.04	0	578349
5	0.01	0	503899
5	0.0	0	748366
5	0.0	0	954002
5	0.05	0	339987
5	0.04	0	680747
